<core:FragmentDefinition height="100%" xmlns:l="sap.ui.layout" xmlns:core="sap.ui.core" xmlns="sap.m">
	<Dialog showHeader="true" title="{Popup>/Title}">
		<content>
			<HBox width="100%">
				<VBox width="{Popup>/IconWidth}" visible="{Popup>/IconVisible}" alignItems="Center" justifyContent="Start" >
					<core:Icon size="{Popup>/IconSize}" color="black" src="{Popup>/Icon}" height="100px" width="100px" />
				</VBox>
				<VBox width="100%">
					<Text class="sapUiMediumMargin" height="150px" text="{Popup>/Text}" />
				</VBox>
			</HBox>
		</content>
		<beginButton>
			<Button id="gavdiPopupCancel" text="Cancel" type="Reject" />
		</beginButton>
		<endButton>
			<Button id="gavdiPopupAccept" text="{Popup>/Accept}" type="Accept" />
		</endButton>
	</Dialog>
</core:FragmentDefinition>