<?xml version="1.0" encoding="UTF-8" standalone="no"?><entities>
	<entity>
		<entity-name>com.gavdi.labs.app.gas.persistence.configData.adminConfig.StorageProviderHandler</entity-name>
		<entity-width>120</entity-width>
		<entity-height>128</entity-height>
		<entity-X-Coordinate>975</entity-X-Coordinate>
		<entity-Y-Coordinate>526</entity-Y-Coordinate>
		<primary-collapsed>false</primary-collapsed>
		<relation-collapsed>false</relation-collapsed>
		<basic-collapsed>false</basic-collapsed>
	</entity>

	<entity>
		<entity-name>com.gavdi.labs.app.gas.persistence.configData.adminConfig.RegularTaskHandler</entity-name>
		<entity-width>120</entity-width>
		<entity-height>128</entity-height>
		<entity-X-Coordinate>954</entity-X-Coordinate>
		<entity-Y-Coordinate>1450</entity-Y-Coordinate>
		<primary-collapsed>false</primary-collapsed>
		<relation-collapsed>false</relation-collapsed>
		<basic-collapsed>false</basic-collapsed>
	</entity>

	<entity>
		<entity-name>com.gavdi.labs.app.gas.persistence.configData.clientConfig.RetentionPolicyConfig</entity-name>
		<entity-width>120</entity-width>
		<entity-height>266</entity-height>
		<entity-X-Coordinate>728</entity-X-Coordinate>
		<entity-Y-Coordinate>1750</entity-Y-Coordinate>
		<primary-collapsed>false</primary-collapsed>
		<relation-collapsed>false</relation-collapsed>
		<basic-collapsed>false</basic-collapsed>
	</entity>

	<entity>
		<entity-name>com.gavdi.labs.app.gas.persistence.configData.clientConfig.AccessGroup</entity-name>
		<entity-width>120</entity-width>
		<entity-height>128</entity-height>
		<entity-X-Coordinate>710</entity-X-Coordinate>
		<entity-Y-Coordinate>520</entity-Y-Coordinate>
		<primary-collapsed>false</primary-collapsed>
		<relation-collapsed>false</relation-collapsed>
		<basic-collapsed>false</basic-collapsed>
	</entity>

	<entity>
		<entity-name>com.gavdi.labs.app.gas.persistence.configData.crossConfig.ApplicationConfigGroup</entity-name>
		<entity-width>191</entity-width>
		<entity-height>166</entity-height>
		<entity-X-Coordinate>90</entity-X-Coordinate>
		<entity-Y-Coordinate>1480</entity-Y-Coordinate>
		<primary-collapsed>false</primary-collapsed>
		<relation-collapsed>false</relation-collapsed>
		<basic-collapsed>false</basic-collapsed>
	</entity>

	<entity>
		<entity-name>com.gavdi.labs.app.gas.persistence.configData.clientConfig.DocTypeAccessGroup</entity-name>
		<entity-width>120</entity-width>
		<entity-height>266</entity-height>
		<entity-X-Coordinate>771</entity-X-Coordinate>
		<entity-Y-Coordinate>1380</entity-Y-Coordinate>
		<primary-collapsed>false</primary-collapsed>
		<relation-collapsed>false</relation-collapsed>
		<basic-collapsed>false</basic-collapsed>
	</entity>

	<entity>
		<entity-name>com.gavdi.labs.app.gas.persistence.appData.DocumentContent</entity-name>
		<entity-width>211</entity-width>
		<entity-height>326</entity-height>
		<entity-X-Coordinate>140</entity-X-Coordinate>
		<entity-Y-Coordinate>-96</entity-Y-Coordinate>
		<primary-collapsed>false</primary-collapsed>
		<relation-collapsed>false</relation-collapsed>
		<basic-collapsed>false</basic-collapsed>
	</entity>

	<entity>
		<entity-name>com.gavdi.labs.app.gas.persistence.configData.clientConfig.DocTypeConfig</entity-name>
		<entity-width>120</entity-width>
		<entity-height>306</entity-height>
		<entity-X-Coordinate>-95</entity-X-Coordinate>
		<entity-Y-Coordinate>636</entity-Y-Coordinate>
		<primary-collapsed>false</primary-collapsed>
		<relation-collapsed>false</relation-collapsed>
		<basic-collapsed>false</basic-collapsed>
	</entity>

	<entity>
		<entity-name>com.gavdi.labs.app.gas.persistence.appData.DocumentMetadata</entity-name>
		<entity-width>120</entity-width>
		<entity-height>188</entity-height>
		<entity-X-Coordinate>211</entity-X-Coordinate>
		<entity-Y-Coordinate>362</entity-Y-Coordinate>
		<primary-collapsed>false</primary-collapsed>
		<relation-collapsed>false</relation-collapsed>
		<basic-collapsed>false</basic-collapsed>
	</entity>

	<entity>
		<entity-name>com.gavdi.labs.app.gas.persistence.configData.adminConfig.ApplicationLogConfig</entity-name>
		<entity-width>206</entity-width>
		<entity-height>246</entity-height>
		<entity-X-Coordinate>-181</entity-X-Coordinate>
		<entity-Y-Coordinate>1069</entity-Y-Coordinate>
		<primary-collapsed>false</primary-collapsed>
		<relation-collapsed>false</relation-collapsed>
		<basic-collapsed>false</basic-collapsed>
	</entity>

	<entity>
		<entity-name>com.gavdi.labs.app.gas.persistence.configData.crossConfig.ApplicationConfig</entity-name>
		<entity-width>211</entity-width>
		<entity-height>246</entity-height>
		<entity-X-Coordinate>87</entity-X-Coordinate>
		<entity-Y-Coordinate>985</entity-Y-Coordinate>
		<primary-collapsed>false</primary-collapsed>
		<relation-collapsed>false</relation-collapsed>
		<basic-collapsed>false</basic-collapsed>
	</entity>

	<entity>
		<entity-name>com.gavdi.labs.app.gas.persistence.configData.domainConfig.ApplicationConfigDescription</entity-name>
		<entity-width>267</entity-width>
		<entity-height>168</entity-height>
		<entity-X-Coordinate>-91</entity-X-Coordinate>
		<entity-Y-Coordinate>1760</entity-Y-Coordinate>
		<primary-collapsed>false</primary-collapsed>
		<relation-collapsed>false</relation-collapsed>
		<basic-collapsed>false</basic-collapsed>
	</entity>

	<entity>
		<entity-name>com.gavdi.labs.app.gas.persistence.configData.clientConfig.StorageProviderConfig</entity-name>
		<entity-width>120</entity-width>
		<entity-height>266</entity-height>
		<entity-X-Coordinate>960</entity-X-Coordinate>
		<entity-Y-Coordinate>794</entity-Y-Coordinate>
		<primary-collapsed>false</primary-collapsed>
		<relation-collapsed>false</relation-collapsed>
		<basic-collapsed>false</basic-collapsed>
	</entity>

	<entity>
		<entity-name>com.gavdi.labs.app.gas.persistence.appData.LogPlaceHolders</entity-name>
		<entity-width>141</entity-width>
		<entity-height>186</entity-height>
		<entity-X-Coordinate>570</entity-X-Coordinate>
		<entity-Y-Coordinate>-46</entity-Y-Coordinate>
		<primary-collapsed>false</primary-collapsed>
		<relation-collapsed>false</relation-collapsed>
		<basic-collapsed>false</basic-collapsed>
	</entity>

	<entity>
		<entity-name>com.gavdi.labs.app.gas.persistence.configData.domainConfig.Domain</entity-name>
		<entity-width>120</entity-width>
		<entity-height>148</entity-height>
		<entity-X-Coordinate>513</entity-X-Coordinate>
		<entity-Y-Coordinate>1563</entity-Y-Coordinate>
		<primary-collapsed>false</primary-collapsed>
		<relation-collapsed>false</relation-collapsed>
		<basic-collapsed>false</basic-collapsed>
	</entity>

	<entity>
		<entity-name>com.gavdi.labs.app.gas.persistence.appData.Document</entity-name>
		<entity-width>120</entity-width>
		<entity-height>406</entity-height>
		<entity-X-Coordinate>-90</entity-X-Coordinate>
		<entity-Y-Coordinate>101</entity-Y-Coordinate>
		<primary-collapsed>false</primary-collapsed>
		<relation-collapsed>false</relation-collapsed>
		<basic-collapsed>false</basic-collapsed>
	</entity>

	<entity>
		<entity-name>com.gavdi.labs.app.gas.persistence.appData.Log</entity-name>
		<entity-width>120</entity-width>
		<entity-height>366</entity-height>
		<entity-X-Coordinate>870</entity-X-Coordinate>
		<entity-Y-Coordinate>41</entity-Y-Coordinate>
		<primary-collapsed>false</primary-collapsed>
		<relation-collapsed>false</relation-collapsed>
		<basic-collapsed>false</basic-collapsed>
	</entity>

	<entity>
		<entity-name>com.gavdi.labs.app.gas.persistence.configData.adminConfig.RegularTaskConfig</entity-name>
		<entity-width>120</entity-width>
		<entity-height>246</entity-height>
		<entity-X-Coordinate>960</entity-X-Coordinate>
		<entity-Y-Coordinate>1090</entity-Y-Coordinate>
		<primary-collapsed>false</primary-collapsed>
		<relation-collapsed>false</relation-collapsed>
		<basic-collapsed>false</basic-collapsed>
	</entity>
</entities>