{
    "application": {
        "id": "",
        "title": "vigextsfs",
        "description": "Vestas Initial Generator",
        "type": "SAP_UI5_Component",
        "componentUrl": "/",
        "appUrl": "#vigextsfs-Display",
        "navigationComponentName": "com.vestas.vig.sfsext",
        "intentSemanticObject": "vigextsfs",
        "intentAction": "Display",
        "html5ApplicationName": "vigextsfs",
        "HCPParentApplicationName": ""
    },
    "assignment": {
        "groups": [
            "00000000-0000-1111-0000-00000000"
        ],
        "contentPackages": [
            "00000000-0000-2222-0000-00000000"
        ],
        "categories": []
    },
    "tile": {
        "type": "StaticTile",
        "title": "Vestas Initial Generator",
        "subtitle": "Generate Employee Initials",
        "searchKeywords": "Vestas, Initials",
        "displayIconUrl": "sap-icon://activate",
        "displayInfoText": "",
        "size": "1x1",
        "serviceURL": "",
        "refreshInterval": ""
    }
}