{
  "welcomeFile": "index.html",
  "routes": [
	{
		"path": "/services/userapi", 
	    "target": {
		    "type": "service",
		    "name": "userapi"
	    }
	},{
		"path": "/themedesigner",
		"target": {
			"type": "application",
			"name": "themedesigner"
		},
		"description": "Route for theme designer"
	}, {
		"path": "/gdsbluecrystal",
		"target": {
			"type": "application",
			"name": "gdsbluecrystal"
		},
		"description": "Route for GDS theme"
	},{
      "path": "/vig/",
      "target": {
        "type": "destination",
        "name": "InitialsService",
        "entryPath": "/VIG/"
      },
      "description": "SFS D1"
    }
  ],
  "cacheControl": [
    {
      "directive": "private",
      "maxAge": 0,
      "path": "*html"
    },
    {
      "directive": "private",
      "maxAge": 0,
      "path": "sap-ui-cachebuster-info.json"
    },
    {
      "directive": "public",
      "maxAge": 31536000
    }
  ]
}