{
    "resources": [
        {
            "name": ".che/project.json"
        },
        {
            "name": ".gitignore"
        },
        {
            "name": ".user.project.json"
        },
        {
            "name": "Component-preload.js",
            "merged": true
        },
        {
            "name": "Component.js"
        },
        {
            "name": "Gruntfile.js"
        },
        {
            "name": "README.md"
        },
        {
            "name": "application-config.json"
        },
        {
            "name": "classes/OdataLogic.js"
        },
        {
            "name": "classes/Requester.js"
        },
        {
            "name": "controller/Start.controller.js"
        },
        {
            "name": "dist"
        },
        {
            "name": "flp-config.json"
        },
        {
            "name": "i18n/i18n.properties",
            "raw": "i18n/i18n.properties"
        },
        {
            "name": "img/vestas_logo.png"
        },
        {
            "name": "img/vestas_logo@2.png"
        },
        {
            "name": "index.html"
        },
        {
            "name": "lib/controls/.DS_Store"
        },
        {
            "name": "lib/controls/RatingControl-dgb.js"
        },
        {
            "name": "lib/controls/RatingControl.js"
        },
        {
            "name": "lib/controls/SFLanguageSelector-dbg.js",
            "isDebug": true
        },
        {
            "name": "lib/controls/SFLanguageSelector.js"
        },
        {
            "name": "lib/controls/StepWizard-dbg.js",
            "isDebug": true
        },
        {
            "name": "lib/controls/StepWizard.js"
        },
        {
            "name": "lib/controls/StepWizardContent-dbg.js",
            "isDebug": true
        },
        {
            "name": "lib/controls/StepWizardContent.js"
        },
        {
            "name": "lib/controls/StepWizardStep-dbg.js",
            "isDebug": true
        },
        {
            "name": "lib/controls/StepWizardStep.js"
        },
        {
            "name": "lib/controls/backup_26052017/RatingControls.js"
        },
        {
            "name": "lib/controls/backup_26052017/SFLanguageSelector.js"
        },
        {
            "name": "lib/controls/controlslib/cookie/cookie.js"
        },
        {
            "name": "lib/controls/controlslib/deprecated/deprecated/jquery.smartwizard/jquery.smartWizard.js"
        },
        {
            "name": "lib/controls/controlslib/deprecated/deprecated/jquery.steps.js"
        },
        {
            "name": "lib/controls/controlslib/deprecated/deprecated/jquery.steps.min.js"
        },
        {
            "name": "lib/controls/controlslib/deprecated/deprecated/style.css"
        },
        {
            "name": "lib/controls/controlslib/deprecated/jquery.steps.js"
        },
        {
            "name": "lib/controls/controlslib/deprecated/jquery.steps.min.js"
        },
        {
            "name": "lib/controls/controlslib/deprecated/style.css"
        },
        {
            "name": "lib/controls/controlslib/jquery.smartwizard/jquery.smartWizard.js"
        },
        {
            "name": "lib/controls/controlslib/jquery.smartwizard/smart_wizard.css"
        },
        {
            "name": "lib/controls/controlslib/rating/css-stars.css"
        },
        {
            "name": "lib/controls/controlslib/rating/doc.txt"
        },
        {
            "name": "lib/controls/controlslib/rating/rating.js"
        },
        {
            "name": "lib/lib/.DS_Store"
        },
        {
            "name": "lib/lib/labs/.DS_Store"
        },
        {
            "name": "lib/lib/labs/LibraryLoader-dbg.js",
            "isDebug": true
        },
        {
            "name": "lib/lib/labs/LibraryLoader.js"
        },
        {
            "name": "lib/lib/labs/popups/BusyDialog.fragment.xml"
        },
        {
            "name": "lib/lib/labs/popups/PopupConfirm.fragment.xml"
        },
        {
            "name": "lib/lib/labs/tools/.DS_Store"
        },
        {
            "name": "lib/lib/labs/tools/Formatter-dbg.js",
            "isDebug": true
        },
        {
            "name": "lib/lib/labs/tools/Formatter.js"
        },
        {
            "name": "lib/lib/labs/tools/GeneralTools-dbg.js",
            "isDebug": true
        },
        {
            "name": "lib/lib/labs/tools/GeneralTools.js"
        },
        {
            "name": "lib/lib/labs/tools/OdataService-dbg.js",
            "isDebug": true
        },
        {
            "name": "lib/lib/labs/tools/OdataService.js"
        },
        {
            "name": "lib/lib/labs/tools/OdataServiceV4.js"
        },
        {
            "name": "lib/lib/labs/tools/SessionService.js"
        },
        {
            "name": "lib/lib/labs/tools/UIService-dbg.js",
            "isDebug": true
        },
        {
            "name": "lib/lib/labs/tools/UIService.js"
        },
        {
            "name": "lib/lib/labs/tools/originals/OdataService.js"
        },
        {
            "name": "manifest.json"
        },
        {
            "name": "model/models.js"
        },
        {
            "name": "neo-app.json"
        },
        {
            "name": "node_modules"
        },
        {
            "name": "odata-config.json"
        },
        {
            "name": "package-lock.json"
        },
        {
            "name": "package.json"
        },
        {
            "name": "resources.json",
            "merged": true
        },
        {
            "name": "sap-ui-cachebuster-info.json"
        },
        {
            "name": "spec.xml"
        },
        {
            "name": "view/Start.view.xml"
        }
    ]
}