<Module>
	<ModulePrefs title="vigextsfs" description="vigextsfs">
		<Require feature="sap-xhrwrapper"/>
		<Require feature="sap-theme">
			<Param name="include-ui5">true</Param>
		</Require>
		<Require feature="sap-busy-indicator"/>
		<Require feature="sap-context"/>
		<Require feature="opensocial-0.9"/>
		<Require feature="gadgetprefs"/>
		<Require feature="opensocial-jquery"/>
		<Require feature="sap-popup"/>
		<Require feature="sap-navigation"/>
		<Require feature="sap-ckeditor"/>
		<Require feature="sap-site-hierarchy"/>
	</ModulePrefs>
	<!-- ModuleConfig AllowedHeaders="DemoHeader1,DemoHeader2" /-->
	<Content type="html" view="default, authoring, consumption, mobile, preview" href="index.html"></Content>
</Module>